{"type": "metrics", "dataset": "train", "precision": 0.7983714683254862, "balanced_accuracy": 0.6392682710528409, "recall": 0.8147759270748819, "f1_score": 0.7873119582812055}
{"type": "metrics", "dataset": "test", "precision": 0.8150568162147693, "balanced_accuracy": 0.6547057822566611, "recall": 0.8303820024501615, "f1_score": 0.8073278204899447}
{"type": "cm_matrix", "dataset": "train", "true_0": {"predicted_0": 15562, "predicted_1": 666}, "true_1": {"predicted_0": 3215, "predicted_1": 1510}}
{"type": "cm_matrix", "dataset": "test", "true_0": {"predicted_0": 6790, "predicted_1": 283}, "true_1": {"predicted_0": 1240, "predicted_1": 666}}
