{"type": "metrics", "dataset": "train", "precision": 0.8083392417736271, "balanced_accuracy": 0.6630025835547158, "recall": 0.8228415978618814, "f1_score": 0.8012594270660564}
{"type": "metrics", "dataset": "test", "precision": 0.8166001175563007, "balanced_accuracy": 0.6695640976303335, "recall": 0.8320525671010135, "f1_score": 0.8133949469698647}
{"type": "cm_matrix", "dataset": "train", "true_0": {"predicted_0": 15484, "predicted_1": 744}, "true_1": {"predicted_0": 2968, "predicted_1": 1757}}
{"type": "cm_matrix", "dataset": "test", "true_0": {"predicted_0": 6733, "predicted_1": 340}, "true_1": {"predicted_0": 1168, "predicted_1": 738}}
