{"type": "metrics", "dataset": "train", "precision": 0.9548327177219554, "balanced_accuracy": 0.8936507936507936, "recall": 0.9520355080418078, "f1_score": 0.9499017989230784}
{"type": "metrics", "dataset": "test", "precision": 0.8141973962076157, "balanced_accuracy": 0.6746157112255657, "recall": 0.8300478895199911, "f1_score": 0.81368686845033}
{"type": "cm_matrix", "dataset": "train", "true_0": {"predicted_0": 16228, "predicted_1": 0}, "true_1": {"predicted_0": 1005, "predicted_1": 3720}}
{"type": "cm_matrix", "dataset": "test", "true_0": {"predicted_0": 6682, "predicted_1": 391}, "true_1": {"predicted_0": 1135, "predicted_1": 771}}
